{
  "metrics": {
    "robust_goodput_rps": 28.56880350651212,
    "p99_ttft_ms": 162.0740799999999,
    "p99_tbt_ms": 0.8820000000000021,
    "p99_e2e_ms": 167.01607999999982
  }
}
