{
  "metrics": {
    "robust_goodput_rps": 93.320379220426,
    "p99_ttft_ms": 69.98118399999986,
    "p99_tbt_ms": 0.5919999999999987,
    "p99_e2e_ms": 73.72618399999983
  }
}
