{
  "valid": true,
  "metrics": {
    "goodput_rps": 60.485585042189015,
    "num_requests": 32.0,
    "p50_e2e_ms": 282.5095015564568,
    "p50_ttft_ms": 54.284080212490565,
    "p95_e2e_ms": 293.09352740569915,
    "p95_ttft_ms": 64.91571398851373,
    "p99_e2e_ms": 293.9932995160962,
    "p99_tbt_ms": 30.4926894322815,
    "p99_ttft_ms": 67.18828745478746,
    "throughput_rps": 60.485585042189015
  }
}
