{
  "goodput_rps": 129.9910913076327,
  "num_requests": 32.0,
  "p50_e2e_ms": 0.27766230338086006,
  "p50_ttft_ms": 0.033720787922603135,
  "p95_e2e_ms": 0.2776623033808878,
  "p95_ttft_ms": 0.03633867822513959,
  "p99_e2e_ms": 0.302036216334331,
  "p99_tbt_ms": 0.030492689432282116,
  "p99_ttft_ms": 0.058094700876077515,
  "throughput_rps": 129.9910913076327
}
