{
  "goodput_rps": 12.245651691540772,
  "num_requests": 20.0,
  "p50_ttft_ms": 120.44260000000048,
  "p99_e2e_ms": 222.98492000000158,
  "p99_tbt_ms": 0.5550000000000068,
  "p99_ttft_ms": 214.10492000000147,
  "scheduler_steps": 338.0,
  "throughput_rps": 81.63767794360514
}
