{
  "metrics": {
    "robust_goodput_rps": 61.10762250815544,
    "p99_ttft_ms": 111.88304000000043,
    "p99_tbt_ms": 0.5550000000000068,
    "p99_e2e_ms": 121.87304000000056
  }
}
