{
  "valid": true,
  "metrics": {
    "goodput_rps": 3.6014971705695884,
    "num_requests": 1.0,
    "p50_e2e_ms": 277.66230338085944,
    "p50_ttft_ms": 33.72078792260743,
    "p95_e2e_ms": 277.66230338085944,
    "p95_ttft_ms": 33.72078792260743,
    "p99_e2e_ms": 277.66230338085944,
    "p99_tbt_ms": 30.492689432281498,
    "p99_ttft_ms": 33.72078792260743,
    "throughput_rps": 3.6014971705695884
  }
}
