{
  "metrics": {
    "num_requests": 1.0,
    "p50_e2e_ms": 0.27766230338086006,
    "p95_e2e_ms": 0.27766230338086006,
    "p99_e2e_ms": 0.27766230338086006,
    "p50_ttft_ms": 0.033720787922606604,
    "p95_ttft_ms": 0.033720787922606604,
    "p99_ttft_ms": 0.033720787922606604,
    "p99_tbt_ms": 0.030492689432281683,
    "throughput_rps": 3601.496788417442,
    "goodput_rps": 3601.496788417442
  }
}
