{
  "metrics": {
    "robust_goodput_rps": 80.03864265667447,
    "p99_ttft_ms": 52.406559999999985,
    "p99_tbt_ms": 0.5550000000000068,
    "p99_e2e_ms": 59.95172000000025
  }
}
