{
  "metrics": {
    "robust_goodput_rps": 104.65193551138417,
    "p99_ttft_ms": 58.558880000000045,
    "p99_tbt_ms": 0.6320000000000014,
    "p99_e2e_ms": 62.44388000000009
  }
}
