{
  "metrics": {
    "robust_goodput_rps": 28.191788349579234,
    "p99_ttft_ms": 187.49039999999985,
    "p99_tbt_ms": 0.866,
    "p99_e2e_ms": 192.8943999999998
  }
}
