{
  "goodput_rps": 36.84064094462924,
  "num_requests": 12.0,
  "p50_ttft_ms": 59.13280000000001,
  "p99_e2e_ms": 107.71968000000058,
  "p99_tbt_ms": 0.5550000000000068,
  "p99_ttft_ms": 98.83968000000048,
  "scheduler_steps": 182.0,
  "throughput_rps": 88.41753826711017
}
