{
  "metrics": {
    "robust_goodput_rps": 22.40532442271036,
    "p99_ttft_ms": 280.9484000000003,
    "p99_tbt_ms": 0.7090000000000032,
    "p99_e2e_ms": 286.22440000000034
  }
}
